{
    "id": "0C8EAA4E",
    "TeeBox": [],
    "hls": [

        {
            "hl": 4,
            "p": 4,
            "h": 0,
            "gw": 50,
            "ha": 5.84,
            "hazards": [
                {
                    "n": "Hole 4 - Green Center",
                    "pt": [
                        137.188625,
                        35.14535
                    ],
                    "alt": 92.340462
                },
                {
                    "n": "Hole 7 - Green Center",
                    "pt": [
                        137.188448,
                        35.145634
                    ],
                    "alt": 93.534348
                }
                
            ],
            "shape" : {
            "green-hole-4": [
                [
                    [
                        137.188546,
                        35.145498
                    ],
                    [
                        137.188551,
                        35.145507
                    ],
                    [
                        137.188554,
                        35.145521
                    ],
                    [
                        137.188553,
                        35.145542
                    ],
                    [
                        137.18854,
                        35.145556
                    ],
                    [
                        137.188525,
                        35.145563
                    ],
                    [
                        137.188506,
                        35.145566
                    ],
                    [
                        137.188464,
                        35.145567
                    ],
                    [
                        137.188376,
                        35.145561
                    ],
                    [
                        137.18831,
                        35.145571
                    ],
                    [
                        137.188286,
                        35.145578
                    ],
                    [
                        137.188262,
                        35.145588
                    ],
                    [
                        137.188241,
                        35.145604
                    ],
                    [
                        137.188231,
                        35.145625
                    ],
                    [
                        137.188227,
                        35.145646
                    ],
                    [
                        137.188231,
                        35.145664
                    ],
                    [
                        137.188239,
                        35.145678
                    ],
                    [
                        137.18825,
                        35.145689
                    ],
                    [
                        137.188273,
                        35.1457
                    ],
                    [
                        137.188311,
                        35.145706
                    ],
                    [
                        137.188352,
                        35.145708
                    ],
                    [
                        137.188416,
                        35.145703
                    ],
                    [
                        137.188438,
                        35.145706
                    ],
                    [
                        137.188506,
                        35.145734
                    ],
                    [
                        137.188528,
                        35.145737
                    ],
                    [
                        137.188552,
                        35.145735
                    ],
                    [
                        137.188572,
                        35.145728
                    ],
                    [
                        137.188592,
                        35.145713
                    ],
                    [
                        137.18861,
                        35.14569
                    ],
                    [
                        137.188625,
                        35.145663
                    ],
                    [
                        137.188666,
                        35.145564
                    ],
                    [
                        137.188679,
                        35.145521
                    ],
                    [
                        137.18869,
                        35.145452
                    ],
                    [
                        137.188701,
                        35.145405
                    ],
                    [
                        137.188708,
                        35.145346
                    ],
                    [
                        137.188737,
                        35.145282
                    ],
                    [
                        137.188742,
                        35.145265
                    ],
                    [
                        137.188744,
                        35.145235
                    ],
                    [
                        137.188736,
                        35.145207
                    ],
                    [
                        137.188719,
                        35.145184
                    ],
                    [
                        137.188689,
                        35.145166
                    ],
                    [
                        137.188668,
                        35.14516
                    ],
                    [
                        137.188646,
                        35.145157
                    ],
                    [
                        137.18862,
                        35.145161
                    ],
                    [
                        137.188596,
                        35.145169
                    ],
                    [
                        137.188571,
                        35.145184
                    ],
                    [
                        137.188545,
                        35.145207
                    ],
                    [
                        137.188527,
                        35.145241
                    ],
                    [
                        137.188513,
                        35.145284
                    ],
                    [
                        137.188507,
                        35.145339
                    ],
                    [
                        137.188509,
                        35.1454
                    ],
                    [
                        137.188515,
                        35.145436
                    ],
                    [
                        137.188546,
                        35.145498
                    ]
                ]
            ],